{
  "feature_columns": [
    "buy_ratio",
    "imbalance",
    "volume_ratio_20",
    "volume_ratio_60",
    "vwap_pct_60",
    "vwap_dev_60",
    "price_change_pct_1",
    "price_change_pct_5",
    "roc_30",
    "macd",
    "macd_signal",
    "macd_hist",
    "rsi_14",
    "bb_percent_20",
    "bb_width_20",
    "roll_close_mean_20",
    "roll_close_std_20",
    "roll_volume_mean_20",
    "roll_volume_std_20",
    "close_lag_1",
    "close_lag_5",
    "volume_lag_1",
    "volume_lag_5"
  ],
  "feature_mean": [
    0.4918482005596161,
    -28.651409149169922,
    1.0235518217086792,
    1.0356694459915161,
    7.187385199358687e-05,
    6.7602386474609375,
    6.528263725158467e-07,
    3.214575144738774e-06,
    1.8771979739540257e-05,
    0.22987602651119232,
    0.23235827684402466,
    -0.001621480449102819,
    50.182464599609375,
    0.4989847242832184,
    0.004313742741942406,
    93725.8671875,
    107.56411743164062,
    19.345012664794922,
    14.028512954711914,
    93667.5546875,
    93671.4921875,
    19.277225494384766,
    19.277095794677734
  ],
  "feature_std": [
    0.499904602766037,
    17530.796875,
    0.8897437453269958,
    1.1226942539215088,
    0.002750910585746169,
    274.63165283203125,
    0.000787599419709295,
    0.0017296370351687074,
    0.004087603650987148,
    84.29888916015625,
    79.22297668457031,
    25.700883865356445,
    11.408875465393066,
    0.32095757126808167,
    0.0037617995403707027,
    6886.6083984375,
    95.07469940185547,
    24.42244529724121,
    18.112123489379883,
    6937.2705078125,
    6934.19189453125,
    33.010807037353516,
    33.01115036010742
  ],
  "lookback": 120,
  "label_horizon": 5,
  "ensemble_weights": [
    0.55,
    0.45
  ],
  "xgb_best_iteration": 17
}